split,kind,operating_mode,duration_min,freq_start_hz,freq_end_hz,whp_start_barg,whp_end_barg,description,is_anomaly,event_id,start_timestamp,end_timestamp
Train,Площадка,stable_40hz_whp15,3030,40,40,15,15,"40 Hz, WHP≈15 barg",0,TRA-01,2027-01-01 00:00:00,2027-01-03 02:29:00
Train,Переход,ramp_up_40_to_50,600,40,50,15,25,40→50 Hz; WHP 15→25 barg,0,TRA-02,2027-01-03 02:30:00,2027-01-03 12:29:00
Train,Площадка,stable_50hz_whp25_a,3030,50,50,25,25,"50 Hz, WHP≈25 barg",0,TRA-03,2027-01-03 12:30:00,2027-01-05 14:59:00
Train,Переход,ramp_up_50_to_58,480,50,58,25,30,50→58 Hz; WHP 25→30 barg,0,TRA-04,2027-01-05 15:00:00,2027-01-05 22:59:00
Train,Площадка,stable_58hz_whp30,3030,58,58,30,30,"58 Hz, WHP≈30 barg",0,TRA-05,2027-01-05 23:00:00,2027-01-08 01:29:00
Train,Переход,ramp_down_58_to_50,480,58,50,30,25,58→50 Hz; WHP 30→25 barg,0,TRA-06,2027-01-08 01:30:00,2027-01-08 09:29:00
Train,Площадка,stable_50hz_whp25_b,3030,50,50,25,25,"50 Hz, WHP≈25 barg",0,TRA-07,2027-01-08 09:30:00,2027-01-10 11:59:00
Train,Переход,ramp_up_50_to_55,300,50,55,25,28,50→55 Hz; WHP 25→28 barg,0,TRA-08,2027-01-10 12:00:00,2027-01-10 16:59:00
Train,Площадка,stable_55hz_whp28,3030,55,55,28,28,"55 Hz, WHP≈28 barg",0,TRA-09,2027-01-10 17:00:00,2027-01-12 19:29:00
Train,Переход,ramp_down_55_to_48,420,55,48,28,21,55→48 Hz; WHP 28→21 barg,0,TRA-10,2027-01-12 19:30:00,2027-01-13 02:29:00
Train,Площадка,stable_48hz_whp21,3030,48,48,21,21,"48 Hz, WHP≈21 barg",0,TRA-11,2027-01-13 02:30:00,2027-01-15 04:59:00
Train,Переход,ramp_up_48_to_50,120,48,50,21,25,48→50 Hz; WHP 21→25 barg,0,TRA-12,2027-01-15 05:00:00,2027-01-15 06:59:00
Train,Площадка,stable_50hz_whp25_c,3030,50,50,25,25,"50 Hz, WHP≈25 barg",0,TRA-13,2027-01-15 07:00:00,2027-01-17 09:29:00
Train,Переход,whp_ramp_25_to_50,250,50,50,25,50,"WHP 25→50 barg, 1 barg/10 min",0,TRA-14,2027-01-17 09:30:00,2027-01-17 13:39:00
Train,Площадка,stable_50hz_whp50,3030,50,50,50,50,"50 Hz, WHP≈50 barg",0,TRA-15,2027-01-17 13:40:00,2027-01-19 16:09:00
Train,Переход,whp_ramp_50_to_20,300,50,50,50,20,"WHP 50→20 barg, 1 barg/10 min",0,TRA-16,2027-01-19 16:10:00,2027-01-19 21:09:00
Train,Площадка,stable_50hz_whp20_extended,3050,50,50,20,20,"50 Hz, WHP≈20 barg",0,TRA-17,2027-01-19 21:10:00,2027-01-21 23:59:00
Validation,Площадка,stable_50hz_whp20_boundary,720,50,50,20,20,"50 Hz, WHP≈20 barg",0,VAL-18,2027-01-22 00:00:00,2027-01-22 11:59:00
Validation,Переход,ramp_up_50_to_55,300,50,55,20,20,"50→55 Hz, WHP≈20 barg",0,VAL-19,2027-01-22 12:00:00,2027-01-22 16:59:00
Validation,Площадка,stable_55hz_whp20,1440,55,55,20,20,"55 Hz, WHP≈20 barg",0,VAL-20,2027-01-22 17:00:00,2027-01-23 16:59:00
Validation,Переход,ramp_down_55_to_48,420,55,48,20,20,"55→48 Hz, WHP≈20 barg",0,VAL-21,2027-01-23 17:00:00,2027-01-23 23:59:00
Validation,Площадка,stable_48hz_whp20,1440,48,48,20,20,"48 Hz, WHP≈20 barg",0,VAL-22,2027-01-24 00:00:00,2027-01-24 23:59:00
Validation,Переход,ramp_up_48_to_50,120,48,50,20,20,"48→50 Hz, WHP≈20 barg",0,VAL-23,2027-01-25 00:00:00,2027-01-25 01:59:00
Validation,Площадка,stable_50hz_whp20_pre_ramp,1440,50,50,20,20,"50 Hz, WHP≈20 barg",0,VAL-24,2027-01-25 02:00:00,2027-01-26 01:59:00
Validation,Переход,whp_ramp_20_to_25,50,50,50,20,25,"WHP 20→25 barg, 1 barg/10 min",0,VAL-25,2027-01-26 02:00:00,2027-01-26 02:49:00
Validation,Площадка,stable_50hz_whp25,1440,50,50,25,25,"50 Hz, WHP≈25 barg",0,VAL-26,2027-01-26 02:50:00,2027-01-27 02:49:00
Validation,Переход,whp_ramp_25_to_50,250,50,50,25,50,"WHP 25→50 barg, 1 barg/10 min",0,VAL-27,2027-01-27 02:50:00,2027-01-27 06:59:00
Validation,Площадка,stable_50hz_whp50,1440,50,50,50,50,"50 Hz, WHP≈50 barg",0,VAL-28,2027-01-27 07:00:00,2027-01-28 06:59:00
Validation,Переход,whp_ramp_50_to_20,300,50,50,50,20,"WHP 50→20 barg, 1 barg/10 min",0,VAL-29,2027-01-28 07:00:00,2027-01-28 11:59:00
Validation,Площадка,stable_50hz_whp20,720,50,50,20,20,"50 Hz, WHP≈20 barg",0,VAL-30,2027-01-28 12:00:00,2027-01-28 23:59:00
Control,Площадка,stable_50hz_whp20_boundary,700,50,50,20,20,"50 Hz, WHP≈20 barg",0,CON-31,2027-01-29 00:00:00,2027-01-29 11:39:00
Control,Переход,ramp_up_50_to_56,360,50,56,20,20,"50→56 Hz, WHP≈20 barg",0,CON-32,2027-01-29 11:40:00,2027-01-29 17:39:00
Control,Площадка,stable_56hz_whp20,1400,56,56,20,20,"56 Hz, WHP≈20 barg",0,CON-33,2027-01-29 17:40:00,2027-01-30 16:59:00
Control,Переход,ramp_down_56_to_45,660,56,45,20,20,"56→45 Hz, WHP≈20 barg",0,CON-34,2027-01-30 17:00:00,2027-01-31 03:59:00
Control,Площадка,stable_45hz_whp20,1400,45,45,20,20,"45 Hz, WHP≈20 barg",0,CON-35,2027-01-31 04:00:00,2027-02-01 03:19:00
Control,Переход,ramp_up_45_to_50,300,45,50,20,20,"45→50 Hz, WHP≈20 barg",0,CON-36,2027-02-01 03:20:00,2027-02-01 08:19:00
Control,Площадка,stable_50hz_whp20_pre_ramp,1400,50,50,20,20,"50 Hz, WHP≈20 barg",0,CON-37,2027-02-01 08:20:00,2027-02-02 07:39:00
Control,Переход,whp_ramp_20_to_25,50,50,50,20,25,"WHP 20→25 barg, 1 barg/10 min",0,CON-38,2027-02-02 07:40:00,2027-02-02 08:29:00
Control,Площадка,stable_50hz_whp25_a,1400,50,50,25,25,"50 Hz, WHP≈25 barg",0,CON-39,2027-02-02 08:30:00,2027-02-03 07:49:00
Control,Переход,whp_ramp_25_to_45,200,50,50,25,45,"WHP 25→45 barg, 1 barg/10 min",0,CON-40,2027-02-03 07:50:00,2027-02-03 11:09:00
Control,Площадка,stable_50hz_whp45,1400,50,50,45,45,"50 Hz, WHP≈45 barg",0,CON-41,2027-02-03 11:10:00,2027-02-04 10:29:00
Control,Переход,whp_ramp_45_to_25,200,50,50,45,25,"WHP 45→25 barg, 1 barg/10 min",0,CON-42,2027-02-04 10:30:00,2027-02-04 13:49:00
Control,Площадка,stable_50hz_whp25_b,610,50,50,25,25,"50 Hz, WHP≈25 barg",0,CON-43,2027-02-04 13:50:00,2027-02-04 23:59:00
