experiment,cluster,windows,median_strength,Freq_Hz_median,WHP_barg_median,BHP_barg_median,WHT_C_median,Motor_T_C_median,I_A_median,V_V_median,BHT_C_median
settings,-1,51,0.0,50.0,25.0,,,,,,
settings,0,101,0.5000000000002347,40.0,15.004999999999999,,,,,,
settings,1,101,0.5000000000003519,58.0,29.99,,,,,,
settings,2,101,1.0,55.0,28.0,,,,,,
settings,3,100,1.0,50.0,49.99,,,,,,
settings,4,101,1.0,48.0,21.01,,,,,,
settings,5,101,1.0,50.0,20.005000000000003,,,,,,
settings,6,32,1.0,50.0,24.9675,,,,,,
settings,7,38,1.0,50.0,24.94,,,,,,
settings,8,53,1.0,50.0,25.02,,,,,,
settings,9,34,1.0,50.0,25.035,,,,,,
settings,10,39,1.0,50.0,25.05,,,,,,
settings,11,24,1.0,50.0,24.975,,,,,,
settings,12,32,1.0,50.0,24.99,,,,,,
response,0,101,0.8655481844950058,,,133.01,51.85,69.9,70.715,1660.1399999999999,59.18
response,1,101,0.8143448067743874,,,105.99,53.8,66.63,89.155,2282.465,59.11
response,2,101,0.8154363773439596,,,106.0,53.81,66.78,90.97,2406.525,59.17
response,3,101,0.8800475648306316,,,118.19,52.91,66.48,80.68,1992.275,59.14
response,4,100,0.7454949090987031,,,119.9825,52.787499999999994,67.04,81.2625,2074.4575,59.2
response,5,404,1.0,,,114.94749999999999,53.155,66.5075,83.05000000000001,2075.1575,59.175
